Name,Title,Location,Dept,Phone,Link
"Abzug, Michael D.",Judge,Clara Shortridge Foltz Criminal Justice Center,112,(213) 628-7412,../../Courthouse/info/CCB
"Acevedo, Victor M.",Commissioner,Compton,007,(310) 761-7987,../../Courthouse/info/COM
"Aceves, Efrain M.",Judge,Clara Shortridge Foltz Criminal Justice Center,046,(213) 628-7746,../../Courthouse/info/CCB
"Adams, Rashida A.",Judge,Edmund D. Edelman Children's Court,423,(323) 307-8023,../../Courthouse/info/CCJ
"Aenlle-Rocha, Fernando L.",Judge,East Los Angeles,006,(323) 780-2011,../../Courthouse/info/ELA
"Ahnn, Michelle M.",Judge,Compton,004,(310) 761-4304,../../Courthouse/info/COM
"Alarcon, Gregory W.",Judge,Stanley Mosk,036,(213) 633-0156,../../Courthouse/info/LA
"Amerian, Michael R.",Judge,Van Nuys - East,L,(818) 901-4625,../../Courthouse/info/NW
"Applegate, Robert P.",Judge,Burbank,001,(818) 260-8401,../../Courthouse/info/BUR
"Arakaki, Akemi ",Judge,Edmund D. Edelman Children's Court,414,(323) 307-8014,../../Courthouse/info/CCJ
"Archuleta, Debra R.",Judge,Michael D. Antonovich Antelope Valley,A05, ,../../Courthouse/info/ATP
"Armendariz, Maria Lucy",Judge,Metropolitan,074,(213) 745-1874,../../Courthouse/info/MET
"Arnold, Mark S.",Judge,Clara Shortridge Foltz Criminal Justice Center,115,(213) 628-7415,../../Courthouse/info/CCB
"Ashvanian, Armenui A.",Judge,Metropolitan,062,(213) 745-1862,../../Courthouse/info/MET
"Bachner, Monica ",Judge,Stanley Mosk,071,(213) 830-0771,../../Courthouse/info/LA
"Bacigalupo, Paul A.",Judge,Van Nuys - East,W,(818) 901-4609,../../Courthouse/info/NW
"Badhan-Smith, Neetu S.",Judge,Van Nuys - West,113,(818) 989-6813,../../Courthouse/info/LAV
"Barnes, Craig S.",Judge,Edmund D. Edelman Children's Court,405,(323) 307-8005,../../Courthouse/info/CCJ
"Barrera, Mario ",Judge,Michael D. Antonovich Antelope Valley,A04, ,../../Courthouse/info/ATP
"Beasley, Sheryl M.",Commissioner,Norwalk,A,(562) 345-3722,../../Courthouse/info/SE
"Beaudet, Teresa A.",Judge,Stanley Mosk,050,(213) 633-0650,../../Courthouse/info/LA
"Beckloff, Mitchell L.",Judge,Stanley Mosk,086,(213) 830-0786,../../Courthouse/info/LA
"Behar, Lori R.",Judge,Governor George Deukmejian - Long Beach,S07,(562) 256-1440,../../Courthouse/info/LB
"Bennett, Francis ",Judge,Clara Shortridge Foltz Criminal Justice Center,052,(213) 628-7752,../../Courthouse/info/CCB
"Bensinger, Kerry ",Judge,Clara Shortridge Foltz Criminal Justice Center,033,(213) 628-7733,../../Courthouse/info/CCB
"Berle, Elihu M.",Judge,Spring Street,006,(213) 310-7006,../../Courthouse/info/SS
"Bernal, Margaret Miller",Judge,Norwalk,F,(562) 345-3703,../../Courthouse/info/SE
"Bershon, Nicole C.",Judge,Torrance and Annex,008,(310) 787-3718,../../Courthouse/info/SBA
"Bianco, James ",Judge,Mental Health,95B,(323) 441-1894,../../Courthouse/info/MH
"Bianco, D. Brett ",Judge,Edmund D. Edelman Children's Court,416,(323) 307-8016,../../Courthouse/info/CCJ
"Bird, George F.",Judge,Torrance and Annex,P,(310) 787-3717,../../Courthouse/info/SBA
"Blackshaw, Julie Fox",Judge,Edmund D. Edelman Children's Court,412,(323) 307-8012,../../Courthouse/info/CCJ
"Blackwell, Nichelle L.",Commissioner,Edmund D. Edelman Children's Court,406,(323) 307-8006,../../Courthouse/info/CCJ
"Blades, Steven D.",Judge,Pomona,T,(909) 802-1108,../../Courthouse/info/EA
"Blancarte, James E.",Judge,Stanley Mosk,002B,(213) 633-0632,../../Courthouse/info/LA
"Blanchard, Kathleen ",Judge,Michael D. Antonovich Antelope Valley,A21, ,../../Courthouse/info/ATP
"Blanco, Alicia Y.",Commissioner,Van Nuys - West,121,(818) 989-6821,../../Courthouse/info/LAV
"Blumenfeld, Stan ",Judge,Pasadena,H,(626) 396-3314,../../Courthouse/info/PAS
"Borenstein, Mark A.",Judge,Stanley Mosk,035,(213) 633-0155,../../Courthouse/info/LA
"Borjon, Keith H.",Judge,Central Arraignment,080,(213) 617-5680,../../Courthouse/info/CAC
"Bork, Terry A.",Judge,Clara Shortridge Foltz Criminal Justice Center,128,(213) 628-7428,../../Courthouse/info/CCB
"Borzakian, Karin ",Commissioner,Alfred J. McCourtney Juvenile Justice Center,427,(661) 483-5927,../../Courthouse/info/LAN
"Bosley , Gia  G. ",Judge,Torrance and Annex,H,(310) 787-3724,../../Courthouse/info/SBA
"Bourne, Beverly ",Judge,Glendale,002,(818) 265-6402,../../Courthouse/info/GLN
"Bowick, Stephanie M.",Judge,Stanley Mosk,019,(213) 633-0519,../../Courthouse/info/LA
"Boxer, Doreen B.",Commissioner,Stanley Mosk,059,(213) 633-5859,../../Courthouse/info/LA
"Brandolino, Joseph A.",Judge,Van Nuys - West,F,(818) 989-6833,../../Courthouse/info/LAV
"Brazil, Deborah S.",Judge,Clara Shortridge Foltz Criminal Justice Center,034,(213) 628-7734,../../Courthouse/info/CCB
"Brazile, Kevin C.",Judge,Stanley Mosk,PJ,(213) 633-0400,../../Courthouse/info/LA
"Broadbelt, Robert B.",Judge,Stanley Mosk,053,(213) 633-0653,../../Courthouse/info/LA
"Brodie, Bruce E.",Judge,Inglewood,003,(310) 419-1303,../../Courthouse/info/ING
"Brougham, Cathryn F.",Judge,Alhambra,005,(626) 293-2105,../../Courthouse/info/ALH
"Brougham, David C.",Judge,Pomona,M,(909) 802-1106,../../Courthouse/info/EA
"Brown, Irma J.",Judge,Inglewood Juvenile,240,(310) 412-8340,../../Courthouse/info/IGJ
"Brown, Leslie E.",Judge,Airport,080,(310) 725-3015,../../Courthouse/info/LAX
"Brown, Kevin L.",Judge,Los Padrinos Juvenile,250,(562) 658-0750,../../Courthouse/info/LPJ
"Bryant-Deason, Susan ",Judge,Stanley Mosk,052,(213) 633-0652,../../Courthouse/info/LA
"Buckley, Daniel J.",Judge,Spring Street,001,(213) 310-7001,../../Courthouse/info/SS
"Burdge, Richard J.",Judge,Stanley Mosk,092,(213) 633-1092,../../Courthouse/info/LA
"Burghardt, Joseph J.",Judge,Metropolitan,066,(213) 745-1866,../../Courthouse/info/MET
"Byrd, Christine ",Judge,Central Civil West,311,(213) 351-7511,../../Courthouse/info/CCW
"Byrdsong, Kristen ",Commissioner,Edmund D. Edelman Children's Court,422,(323) 307-8022,../../Courthouse/info/CCJ
"Byrdsong, Rupert A.",Judge,Spring Street,015,(213) 310-7015,../../Courthouse/info/SS
"Byrne, Mary Lou ",Commissioner,Pasadena,M,(626) 396-3306,../../Courthouse/info/PAS
"CTS, Test JO ",Judge,Central Arraignment,080,(213) 617-5680,../../Courthouse/info/CAC
"Camacho, Mike ",Judge,Pomona,P,(909) 802-1107,../../Courthouse/info/EA
"Campos, Benjamin R.",Commissioner,Eastlake Juvenile,202,(323) 227-4302,../../Courthouse/info/ELJ
"Carroll, Dennis ",Commissioner,Governor George Deukmejian - Long Beach,S03,(562) 256-1425,../../Courthouse/info/LB
"Carter, Michael D.",Judge,Burbank,G,(818) 260-8414,../../Courthouse/info/BUR
"Carter, Amy N.",Judge,Torrance and Annex,005,(310) 787-3705,../../Courthouse/info/SBA
"Castro, Emma ",Commissioner,Edmund D. Edelman Children's Court,415,(323) 307-8015,../../Courthouse/info/CCJ
"Chalfant, James C.",Judge,Stanley Mosk,085,(213) 830-0785,../../Courthouse/info/LA
"Chang, Wendy ",Judge,Stanley Mosk,094,(213) 830-0794,../../Courthouse/info/LA
"Chavez, Victor E.",Judge,Spring Street,008,(213) 310-7008,../../Courthouse/info/SS
"Chemeleski, John ",Commissioner,Stanley Mosk,008,(213) 830-0830,../../Courthouse/info/LA
"Cheroske, John J.",Judge,Compton,D,(310) 761-4323,../../Courthouse/info/COM
"Cho, Lawrence ",Judge,Santa Monica,K,(310) 255-1876,../../Courthouse/info/SM
"Chowdhury, Ashfaq G.",Judge,Michael D. Antonovich Antelope Valley,A22, ,../../Courthouse/info/ATP
"Christian, H. Don ",Commissioner,Pomona,C,(909) 802-1122,../../Courthouse/info/EA
"Christian, Deborah L.",Judge,Stanley Mosk,097,(213) 633-1097,../../Courthouse/info/LA
"Chrostek, Joan M.",Judge,West Covina,005,(626) 430-2505,../../Courthouse/info/CIT
"Chu, Robert G.",Judge,Michael D. Antonovich Antelope Valley,A02, ,../../Courthouse/info/ATP
"Chung, Lisa Mangay",Judge,Michael D. Antonovich Antelope Valley,A19, ,../../Courthouse/info/ATP
"Chung, Charles A.",Judge,Michael D. Antonovich Antelope Valley,A18, ,../../Courthouse/info/ATP
"Clarke, Edmund Willcox",Judge,Torrance and Annex,G,(310) 787-3714,../../Courthouse/info/SBA
"Clay, Charles Q.",Judge,Whittier ,202,(562) 968-2705,../../Courthouse/info/WHI
"Clover, Suzette ",Judge,Pasadena,F,(626) 396-3323,../../Courthouse/info/PAS
"Cochran, Steve ",Judge,Stanley Mosk,063,(213) 633-1063,../../Courthouse/info/LA
"Coen, Lisa S.",Judge,West Covina,001,(626) 430-2501,../../Courthouse/info/CIT
"Coen, Ronald S.",Judge,Clara Shortridge Foltz Criminal Justice Center,101,(213) 628-7401,../../Courthouse/info/CCB
"Coen, Sean D.",Judge,Compton,H,(310) 761-4324,../../Courthouse/info/COM
"Cohen-Laurie, Jeffrey S.",Judge,Airport,073,(310) 725-3043,../../Courthouse/info/LAX
"Cole, Debra A.",Judge,Governor George Deukmejian - Long Beach,S08,(562) 256-1445,../../Courthouse/info/LB
"Cole, Lisa Hart ",Judge,Santa Monica,Q,(310) 255-1867,../../Courthouse/info/SM
"Cole-Hall, Debra ",Judge,Norwalk,T,(562) 345-3708,../../Courthouse/info/SE
"Connolly, Pat ",Judge,Compton,K,(310) 761-4315,../../Courthouse/info/COM
"Convey, Michael J.",Judge,Van Nuys - East,D,(818) 901-4602,../../Courthouse/info/NW
"Cooper, Andrew E.",Judge,San Fernando,C,(818) 256-1822,../../Courthouse/info/LAS
"Cortez, Annabelle G.",Judge,Pasadena,A,(626) 396-3302,../../Courthouse/info/PAS
"Cotton, Huey P.",Judge,Van Nuys - East,A,(818) 901-4603,../../Courthouse/info/NW
"Court, Michelle Williams ",Judge,Spring Street,001,(213) 310-7001,../../Courthouse/info/SS
"Cowan, David J.",Judge,Stanley Mosk,003,(213) 633-0253,../../Courthouse/info/LA
"Cowell, Michael A.",Judge,Norwalk,N,(562) 345-3716,../../Courthouse/info/SE
"Crabb, Rocky L.",Commissioner,Pomona,S,(909) 802-1127,../../Courthouse/info/EA
"Crowfoot, William A.",Judge,Michael D. Antonovich Antelope Valley,A09,(661) 483-5509,../../Courthouse/info/ATP
"Crowley, Daniel M.",Judge,Metropolitan,067,(213) 745-1867,../../Courthouse/info/MET
"Cunningham, David S.",Judge,Stanley Mosk,037,(213) 633-0157,../../Courthouse/info/LA
"Czuleger, J. Stephen ",Judge,Spring Street,016,(213) 310-7016,../../Courthouse/info/SS
"Dabney, James R.",Judge,Clara Shortridge Foltz Criminal Justice Center,134,(213) 628-7434,../../Courthouse/info/CCB
"Davalos, Maria Andrea",Judge,Downey,006,(562) 803-7024,../../Courthouse/info/DOW
"Davis, Angela J.",Commissioner,Central Civil West,002F,(213) 351-7503,../../Courthouse/info/CCW
"Davis, Pamela A.",Commissioner,Santa Monica,B,(310) 255-1852,../../Courthouse/info/SM
"De Witt , Susan  J.",Judge,Clara Shortridge Foltz Criminal Justice Center,053,(213) 628-7753,../../Courthouse/info/CCB
"Delgado, Rogelio ",Judge,Pomona,F,(909) 802-1123,../../Courthouse/info/EA
"Diaz, Rudolph A.",Judge,Edmund D. Edelman Children's Court,419,(323) 307-8019,../../Courthouse/info/CCJ
"Dillon, Timothy Patrick",Judge,Alhambra,X,(626) 293-2119,../../Courthouse/info/ALH
"Dodson, William D.",Commissioner,Pasadena,R,(626) 396-3317,../../Courthouse/info/PAS
"Dohi, Gregory A.",Judge,Van Nuys - West,E,(818) 989-6823,../../Courthouse/info/LAV
"Dominguez, Juan Carlos ",Judge,Pomona,H,(909) 802-1114,../../Courthouse/info/EA
"Dordi, Firdaus F.",Judge,Van Nuys - East,J,(818) 901-4605,../../Courthouse/info/NW
"Dotson, Kimberly ",Commissioner,Stanley Mosk,006,(213) 633-0606,../../Courthouse/info/LA
"Downing, Marguerite D.",Judge,Edmund D. Edelman Children's Court,407,(323) 307-8007,../../Courthouse/info/CCJ
"Doyle, John P.",Judge,Stanley Mosk,058,(213) 633-0658,../../Courthouse/info/LA
"Draper, Robert S.",Judge,Stanley Mosk,078,(213) 830-0878,../../Courthouse/info/LA
"Duffy-Lewis, Maureen ",Judge,Stanley Mosk,038,(213) 633-0158,../../Courthouse/info/LA
"Dunn, James R.",Judge,Spring Street,STL,(213) 310-7092,../../Courthouse/info/SS
"Duron, Armando ",Commissioner,Compton,M,(310) 761-4336,../../Courthouse/info/COM
"Dybwad, Christopher W.",Judge,Airport,090,(310) 725-3044,../../Courthouse/info/LAX
"Edber, Diego H.",Judge,Van Nuys - West,101,(818) 989-6801,../../Courthouse/info/LAV
"Edwards, Drew E.",Judge,Clara Shortridge Foltz Criminal Justice Center,127,(213) 628-7427,../../Courthouse/info/CCB
"Ellison, Laura ",Judge,Torrance and Annex,C,(310) 787-3732,../../Courthouse/info/SBA
"Elswick, Carol W.",Judge,Alhambra,W,(626) 293-2109,../../Courthouse/info/ALH
"Epstein, Mark H.",Judge,Stanley Mosk,081,(213) 830-0781,../../Courthouse/info/LA
"Escalante , Kristin S. ",Judge,Downey,003,(562) 803-7015,../../Courthouse/info/DOW
"Escobedo, Mildred ",Judge,Clara Shortridge Foltz Criminal Justice Center,126,(213) 628-7426,../../Courthouse/info/CCB
"Espinoza, Miguel ",Judge,Metropolitan,072,(213) 745-1872,../../Courthouse/info/MET
"Estes, Christopher ",Judge,Michael D. Antonovich Antelope Valley,A17, ,../../Courthouse/info/ATP
"Estrada, Alison M.",Judge,Clara Shortridge Foltz Criminal Justice Center,054,(213) 628-7754,../../Courthouse/info/CCB
"Fahey, William ",Judge,Stanley Mosk,069,(213) 633-1069,../../Courthouse/info/LA
"Falls, Thomas ",Judge,Pomona,R,(909) 802-1117,../../Courthouse/info/EA
"Feeney, Jill ",Judge,West Covina,008,(626) 430-2508,../../Courthouse/info/CIT
"Feffer, Elizabeth R.",Judge,Stanley Mosk,039,(213) 633-0159,../../Courthouse/info/LA
"Feldstern, Daniel ",Judge,San Fernando,E,(818) 256-1823,../../Courthouse/info/LAS
"Ferns, Edward A.",Judge,Spring Street,STL,(213) 310-7092,../../Courthouse/info/SS
"Ferrari, Gary J.",Judge,Governor George Deukmejian - Long Beach,S23,(562) 256-2207,../../Courthouse/info/LB
"Fidler, Larry Paul",Judge,Clara Shortridge Foltz Criminal Justice Center,106,(213) 628-7406,../../Courthouse/info/CCB
"Fields, David R.",Judge,Clara Shortridge Foltz Criminal Justice Center,032,(213) 628-7732,../../Courthouse/info/CCB
"Filer, Kelvin D.",Judge,Compton,C,(310) 761-4332,../../Courthouse/info/COM
"Flurer, Michele E.",Judge,Governor George Deukmejian - Long Beach,S10,(562) 256-2252,../../Courthouse/info/LB
"Ford, H. Jay ",Judge,Santa Monica,O,(310) 255-1866,../../Courthouse/info/SM
"Fournier, Lori Ann ",Judge,Norwalk,C,(562) 345-3702,../../Courthouse/info/SE
"Fox, Brad Miles",Commissioner,Torrance and Annex,007,(310) 787-3707,../../Courthouse/info/SBA
"Frank, Ronald F.",Judge,Inglewood,008,(310) 419-1308,../../Courthouse/info/ING
"Freeman, Kenneth R.",Judge,Spring Street,014,(213) 310-7014,../../Courthouse/info/SS
"Freixes, Graciela ",Judge,Chatsworth,F43,(818) 407-2243,../../Courthouse/info/CHA
"Frimpong, Maame E.",Judge,Metropolitan,071,(213) 745-1871,../../Courthouse/info/MET
"Frisco, Christopher J.",Judge,Governor George Deukmejian - Long Beach,S05,(562) 256-1430,../../Courthouse/info/LB
"Fruin, Richard L.",Judge,Stanley Mosk,015,(213) 633-0515,../../Courthouse/info/LA
"Fujie, Holly J.",Judge,Stanley Mosk,056,(213) 633-0656,../../Courthouse/info/LA
"Fujioka, Fred J.",Judge,Sylmar Juvenile,277,(818) 256-1077,../../Courthouse/info/SLJ
"Garcia, Michael ",Judge,Clara Shortridge Foltz Criminal Justice Center,129,(213) 628-7429,../../Courthouse/info/CCB
"Garcia, Ruben ",Judge,El Monte,004,(626) 401-2204,../../Courthouse/info/ELM
"Garcia Uhrig, Emily ",Judge,Van Nuys - East,H,(818) 901-4734,../../Courthouse/info/NW
"Garnett, Sherilyn ",Judge,San Fernando,A,(818) 256-1802,../../Courthouse/info/LAS
"Gasdia, Brian F.",Judge,Norwalk,R,(562) 345-3717,../../Courthouse/info/SE
"Gauff, Karen Ackerson ",Judge,Compton,003,(310) 761-4303,../../Courthouse/info/COM
"Gelfound, David B.",Judge,San Fernando,L,(818) 256-1805,../../Courthouse/info/LAS
"Gibbons, Danielle R.A.",Judge,Downey,004,(562) 803-7018,../../Courthouse/info/DOW
"Gilbertson, Rene C.",Judge,Torrance and Annex,002,(310) 787-3702,../../Courthouse/info/SBA
"Gladstein, Martin R.",Commissioner,Santa Clarita,001,(661) 253-5601,../../Courthouse/info/NEW
"Glennon, Bert ",Judge,Van Nuys - East,Y,(818) 901-4676,../../Courthouse/info/NW
"Gomez, Gus ",Judge,Glendale,005,(818) 265-6405,../../Courthouse/info/GLN
"Gomez, Danette  J.",Judge,Compton,006,(310) 761-4306,../../Courthouse/info/COM
"Goorvitch, Stephen I.",Judge,Spring Street,005,(213) 310-7005,../../Courthouse/info/SS
"Gordon, Scott M.",Judge,Stanley Mosk,088,(213) 830-0788,../../Courthouse/info/LA
"Goswami, Rupa S.",Judge,Alhambra,004,(626) 293-2104,../../Courthouse/info/ALH
"Goul, Richard M.",Judge,Governor George Deukmejian - Long Beach,S17,(562) 256-1490,../../Courthouse/info/LB
"Gould-Saltman, Dianna ",Judge,Central Civil West,307,(323) 351-7507,../../Courthouse/info/CCW
"Green, Terry ",Judge,Stanley Mosk,014,(213) 633-0514,../../Courthouse/info/LA
"Greenberg, Victor H.",Judge,Edmund D. Edelman Children's Court,400,(323) 307-8030,../../Courthouse/info/CCJ
"Griego, Thomas J.",Judge,Stanley Mosk,001A,(213) 633-0612,../../Courthouse/info/LA
"Groman, Donna Quigley ",Judge,Mental Health,095A,(323) 441-1893,../../Courthouse/info/MH
"Gross, Marc D.",Judge,Spring Street,003,(213) 310-7003,../../Courthouse/info/SS
"Guillemet, Kimberley Baker",Judge,Metropolitan,073,(213) 745-1873,../../Courthouse/info/MET
"Gullon, Christian R.",Judge,West Covina,007,(626) 430-2507,../../Courthouse/info/CIT
"Gutierrez, Hector E.",Judge,Compton,009,(310) 761-4309,../../Courthouse/info/COM
"Guzman, Hector M.",Judge,Torrance and Annex,F,(310) 787-3723,../../Courthouse/info/SBA
"Hadnot Prioleau, LaTonya ",Commissioner,Compton,TR,(310) 761-6800,../../Courthouse/info/COM
"Hahn, James K.",Judge,Santa Monica,A,(310) 255-1842,../../Courthouse/info/SM
"Hall, Henry J.",Judge,Clara Shortridge Foltz Criminal Justice Center,111,(213) 628-7411,../../Courthouse/info/CCB
"Hall, Tamara ",Judge,Airport,093,(310) 725-3047,../../Courthouse/info/LAX
"Hammock, Randolph M.",Judge,Stanley Mosk,047,(213) 633-0647,../../Courthouse/info/LA
"Hanasono, Mark ",Judge,Clara Shortridge Foltz Criminal Justice Center,056,(213) 628-7756,../../Courthouse/info/CCB
"Hansell, Dean ",Judge,Stanley Mosk,007,(213) 633-0507,../../Courthouse/info/LA
"Harkavy, Jeffrey M.",Commissioner,Santa Clarita,002,(661) 253-5602,../../Courthouse/info/NEW
"Harmon, Eric ",Judge,Van Nuys - West,122,(818) 989-6822,../../Courthouse/info/LAV
"Harris, H. Elizabeth ",Commissioner,Clara Shortridge Foltz Criminal Justice Center,047,(213) 628-7747,../../Courthouse/info/CCB
"Harrison, Robert S.",Judge,Mental Health,95C,(323) 441-1892,../../Courthouse/info/MH
"Harwin, Michael B.",Judge,Van Nuys - East,M,(818) 901-4616,../../Courthouse/info/NW
"Haynes, Marcelita V.",Judge,Governor George Deukmejian - Long Beach,S12,(562) 256-2243,../../Courthouse/info/LB
"Heeseman, Nicole M.",Judge,Governor George Deukmejian - Long Beach,S09,(562) 256-1450,../../Courthouse/info/LB
"Heidel, Sarah J.",Judge,Pomona,B,(909) 802-1112,../../Courthouse/info/EA
"Helton, Sabina A.",Judge,Edmund D. Edelman Children's Court,403,(323) 307-8003,../../Courthouse/info/CCJ
"Henry, Margaret S.",Judge,Edmund D. Edelman Children's Court,418,(323) 307-8018,../../Courthouse/info/CCJ
"Herin, Scott R.",Judge,Downey,007,(562) 803-7027,../../Courthouse/info/DOW
"Hernandez, Peter A.",Judge,Pomona,O,(909) 802-1126,../../Courthouse/info/EA
"Hernandez, Dennis F.",Commissioner,Central Civil West,002G,(213) 351-7504,../../Courthouse/info/CCW
"Herriford, David ",Judge,Clara Shortridge Foltz Criminal Justice Center,132,(213) 628-7432,../../Courthouse/info/CCB
"Herscovitz, Martin L.",Judge,Van Nuys - West,R,(818) 989-6817,../../Courthouse/info/LAV
"Highberger, William F.",Judge,Spring Street,010,(213) 310-7010,../../Courthouse/info/SS
"Hill, Christina L.",Judge,Eastlake Juvenile,203,(323) 227-4303,../../Courthouse/info/ELJ
"Hill, Deirdre ",Judge,Torrance and Annex,B,(310) 787-3722,../../Courthouse/info/SBA
"Hiroshige, Ernest M.",Judge,Stanley Mosk,054,(213) 633-0654,../../Courthouse/info/LA
"Hizami, David E.",Judge,Michael D. Antonovich Antelope Valley,A07, ,../../Courthouse/info/ATP
"Hobbs, Lynne M.",Judge,Clara Shortridge Foltz Criminal Justice Center,038,(213) 628-7738,../../Courthouse/info/CCB
"Hofer, Ralph C.",Judge,Glendale,D,(818) 265-6413,../../Courthouse/info/GLN
"Hogue, Amy D.",Judge,Spring Street,009,(213) 310-7009,../../Courthouse/info/SS
"Hollingsworth, Donna ",Judge,El Monte,003,(626) 401-2203,../../Courthouse/info/ELM
"Honeycutt, Alan B.",Judge,Torrance and Annex,L,(310) 787-3725,../../Courthouse/info/SBA
"Horan, James E.",Judge,Whittier ,301,(562) 968-2706,../../Courthouse/info/WHI
"Horn, H. Chester ",Judge,Santa Monica,I,(310) 255-1854,../../Courthouse/info/SM
"Hsu, Wesley L.",Judge,Pomona,D,(909) 802-1103,../../Courthouse/info/EA
"Hudson, Altus W.",Judge,Compton,012,(310) 761-4312,../../Courthouse/info/COM
"Hunter, Eleanor J.",Judge,Clara Shortridge Foltz Criminal Justice Center,113,(213) 628-7413,../../Courthouse/info/CCB
"Hymowitz, Laura ",Commissioner,Stanley Mosk,002C,(213) 633-0312,../../Courthouse/info/LA
"Ing, John H.",Judge,Governor George Deukmejian - Long Beach,S31,(562) 256-2247,../../Courthouse/info/LB
"Ipson , Steven  E. ",Commissioner,Alfred J. McCourtney Juvenile Justice Center,426,(661) 483-5926,../../Courthouse/info/LAN
"Ito, Roger ",Judge,Norwalk,H,(562) 345-3714,../../Courthouse/info/SE
"Iwasaki, Bruce G.",Judge,Central Civil West,308,(213) 351-7508,../../Courthouse/info/CCW
"Jacke II, H. Clay ",Judge,Compton,F,(310) 761-4313,../../Courthouse/info/COM
"Jaskol, Lisa R.",Judge,Metropolitan,065,(213) 745-1865,../../Courthouse/info/MET
"Jesic, Michael V.",Judge,Van Nuys - West,S,(818) 989-6827,../../Courthouse/info/LAV
"Jessner, Samantha P.",Judge,Stanley Mosk,001,(213) 633-0601,../../Courthouse/info/LA
"Johansen, Kjehl T.",Commissioner,Inglewood,007,(310) 419-1307,../../Courthouse/info/ING
"Johnson, Barbara R.",Judge,Stanley Mosk,011,(213) 633-0251,../../Courthouse/info/LA
"Jones, Ann I.",Judge,Spring Street,011,(213) 310-7011,../../Courthouse/info/SS
"Juarez, Daniel ",Judge,Stanley Mosk,067,(213) 633-1067,../../Courthouse/info/LA
"Juhas, Mark A.",Judge,Stanley Mosk,064,(213) 633-1064,../../Courthouse/info/LA
"Jurado, Ray G.",Judge,Clara Shortridge Foltz Criminal Justice Center,130,(213) 628-7430,../../Courthouse/info/CCB
"Kaddo, James A.",Judge,Van Nuys - East,I,(818) 901-4614,../../Courthouse/info/NW
"Kalra, Upinder S.",Judge,Airport,070,(310) 725-3096,../../Courthouse/info/LAX
"Karlan, Craig D.",Judge,Santa Monica,N,(310) 255-1856,../../Courthouse/info/SM
"Kaufman, Shelley ",Judge,Stanley Mosk,060,(213) 633-0660,../../Courthouse/info/LA
"Kawahara, Robert M.",Commissioner,Central Arraignment,081,(213) 617-5681,../../Courthouse/info/CAC
"Keeny, Virginia ",Judge,Van Nuys - East,W,(818) 901-4609,../../Courthouse/info/NW
"Kelley, Michael C.",Judge,Chatsworth,F44,(818) 407-2244,../../Courthouse/info/CHA
"Kelly, Mary E.",Judge,Edmund D. Edelman Children's Court,411,(323) 307-8011,../../Courthouse/info/CCJ
"Kemalyan, Richard S.",Judge,Clara Shortridge Foltz Criminal Justice Center,121,(213) 628-7421,../../Courthouse/info/CCB
"Kendig, Holly E.",Judge,Stanley Mosk,042,(213) 633-0162,../../Courthouse/info/LA
"Kennedy, Donald S.",Commissioner,Central Arraignment,082,(213) 617-5682,../../Courthouse/info/CAC
"Kennedy, Kathleen ",Judge,Clara Shortridge Foltz Criminal Justice Center,109,(213) 628-7409,../../Courthouse/info/CCB
"Keosian, Gregory ",Judge,Stanley Mosk,061,(213) 633-1061,../../Courthouse/info/LA
"Kerlin, Karla D.",Judge,Clara Shortridge Foltz Criminal Justice Center,044,(213) 680-7644,../../Courthouse/info/CCB
"Khan, Abraham ",Judge,Spring Street,STL,(213) 310-7092,../../Courthouse/info/SS
"Kim, Michelle C.",Judge,East Los Angeles,002,(323) 780-2003,../../Courthouse/info/ELA
"Kim, Andrew C.",Judge,Bellflower,002,(562) 345-3302,../../Courthouse/info/LC
"Kim, Mark C.",Judge,Governor George Deukmejian - Long Beach,S27,(562) 256-2227,../../Courthouse/info/LB
"Kin, Curtis A.",Judge,Pasadena,G,(626) 396-3304,../../Courthouse/info/PAS
"Kirschner, Richard H.",Judge,Van Nuys - West,G,(818) 989-6814,../../Courthouse/info/LAV
"Kleifield, Steven J.",Judge,Stanley Mosk,057,(213) 633-0657,../../Courthouse/info/LA
"Klein, Clifford ",Judge,Stanley Mosk,009,(213) 633-0259,../../Courthouse/info/LA
"Knight, Shannon ",Judge,Michael D. Antonovich Antelope Valley,A20, ,../../Courthouse/info/ATP
"Korn, Renee ",Judge,Clara Shortridge Foltz Criminal Justice Center,118,(213) 628-7418,../../Courthouse/info/CCB
"Kralik, John J.",Judge,Burbank,B,(818) 260-8422,../../Courthouse/info/BUR
"Kuhl, Carolyn B.",Judge,Spring Street,012,(213) 310-7012,../../Courthouse/info/SS
"Kumar, Sanjay T.",Judge,Stanley Mosk,070,(213) 633-1070,../../Courthouse/info/LA
"Kwan, Ruth Ann ",Judge,Stanley Mosk,072,(213) 830-0772,../../Courthouse/info/LA
"LaForteza, Bernie C.",Judge,Stanley Mosk,066,(213) 633-5866,../../Courthouse/info/LA
"Laesecke, Laura ",Judge,Governor George Deukmejian - Long Beach,S19,(562) 256-1502,../../Courthouse/info/LB
"Lager, Marvin ",Judge,Stanley Mosk,005,(213) 633-0245,../../Courthouse/info/LA
"Landin, Dennis J.",Judge,Stanley Mosk,051,(213) 633-0351,../../Courthouse/info/LA
"Lawson, John C.",Judge,Governor George Deukmejian - Long Beach,S30,(562) 256-2242,../../Courthouse/info/LB
"Leis, Colin P.",Judge,Central Civil West,310,(213) 351-7510,../../Courthouse/info/CCW
"Leiter, Maurice A.",Judge,Compton,A,(310) 761-4302,../../Courthouse/info/COM
"Lench, Lisa B.",Judge,Clara Shortridge Foltz Criminal Justice Center,108,(213) 628-7408,../../Courthouse/info/CCB
"Levanas, Michael I.",Judge,Santa Monica,D,(310) 255-1853,../../Courthouse/info/SM
"Leventer, Robert ",Commissioner,Eastlake Juvenile,205,(323) 227-4305,../../Courthouse/info/ELJ
"Lewis, Jacqueline ",Judge,West Covina,009,(626) 430-2509,../../Courthouse/info/CIT
"Lewis, Terrance T.",Judge,Van Nuys - West,119,(818) 989-6819,../../Courthouse/info/LAV
"Lewis, Thomas Trent ",Judge,Stanley Mosk,002,(213) 633-0252,../../Courthouse/info/LA
"Linfield, Michael P.",Judge,Stanley Mosk,034,(213) 633-0154,../../Courthouse/info/LA
"Lipner, Joseph ",Judge,Stanley Mosk,083,(213) 830-0783,../../Courthouse/info/LA
"Lippitt, Elizabeth A.",Judge,Stanley Mosk,029,(213) 633-0249,../../Courthouse/info/LA
"Lofton, Joel L.",Judge,Stanley Mosk,093,(213) 633-1093,../../Courthouse/info/LA
"Lomeli, George Gonzalez",Judge,Clara Shortridge Foltz Criminal Justice Center,107,(213) 628-7407,../../Courthouse/info/CCB
"Lonergan, John J.",Judge,Compton,P,(310) 761-4317,../../Courthouse/info/COM
"Long, Thomas D.",Judge,Stanley Mosk,091,(213) 633-1091,../../Courthouse/info/LA
"Longoria, Roberto ",Judge,Mental Health,95D,(323) 441-1895,../../Courthouse/info/MH
"Lopez, Gilbert M.",Judge,El Monte,005,(626) 401-2205,../../Courthouse/info/ELM
"Lopez-Giss, Susan ",Judge,Santa Monica,F,(310) 255-1843,../../Courthouse/info/SM
"Lord, John D.",Judge,Governor George Deukmejian - Long Beach,S06,(562) 256-1435,../../Courthouse/info/LB
"Losnick, Debra L.",Judge,Edmund D. Edelman Children's Court,403,(323) 307-8003,../../Courthouse/info/CCJ
"Lousteau, Kristi ",Commissioner,Clara Shortridge Foltz Criminal Justice Center,036,(213) 628-7736,../../Courthouse/info/CCB
"Lowenthal, Daniel J.",Judge,Governor George Deukmejian - Long Beach,S18,(562) 256-1495,../../Courthouse/info/LB
"Lu, Elaine ",Judge,Stanley Mosk,026,(213) 633-0526,../../Courthouse/info/LA
"Lugo, Carolina V.",Judge,Michael D. Antonovich Antelope Valley,A06, ,../../Courthouse/info/ATP
"Lui, Christopher K.",Judge,Spring Street,004,(213) 310-7004,../../Courthouse/info/SS
"Luna, Ana Maria ",Judge,Governor George Deukmejian - Long Beach,S14,(562) 256-1475,../../Courthouse/info/LB
"Lyons, Dalila Corral ",Judge,Stanley Mosk,020,(213) 633-0520,../../Courthouse/info/LA
"MacLaughlin, William A.",Judge,Stanley Mosk,089,(213) 633-0689,../../Courthouse/info/LA
"Mackenzie, Alison ",Judge,Stanley Mosk,023,(213) 633-0523,../../Courthouse/info/LA
"Mackey, Malcolm ",Judge,Stanley Mosk,055,(213) 633-0655,../../Courthouse/info/LA
"Madden, Patrick T.",Judge,Governor George Deukmejian - Long Beach,S28,(562) 256-2232,../../Courthouse/info/LB
"Mader, Katherine ",Judge,Clara Shortridge Foltz Criminal Justice Center,117,(213) 628-7417,../../Courthouse/info/CCB
"Magno, Teresa P.",Judge,Compton,B,(310) 761-4322,../../Courthouse/info/COM
"Mandel, Elaine W.",Judge,Santa Monica,P,(310) 255-1877,../../Courthouse/info/SM
"Marcus, Stephen A.",Judge,Clara Shortridge Foltz Criminal Justice Center,102,(213) 628-7402,../../Courthouse/info/CCB
"Marpet, Stephen C.",Commissioner,Edmund D. Edelman Children's Court,410,(323) 307-8010,../../Courthouse/info/CCJ
"Marrs, Bruce F.",Judge,Pomona,L,(909) 802-1115,../../Courthouse/info/EA
"Marshak, Jerry B",Commissioner,Central Arraignment,083,(213) 617-5683,../../Courthouse/info/CAC
"Martella, Timothy ",Judge,Pasadena,S,(626) 396-3327,../../Courthouse/info/PAS
"Martin, Lia ",Judge,Stanley Mosk,016,(213) 633-0516,../../Courthouse/info/LA
"Martinez, Victor ",Judge,Pomona,N,(909) 802-1116,../../Courthouse/info/EA
"Matthews, Martha A.",Judge,Edmund D. Edelman Children's Court,424, ,../../Courthouse/info/CCJ
"Mavis, Darrell ",Judge,Pasadena,C,(626) 396-3322,../../Courthouse/info/PAS
"May, Gus T.",Judge,Stanley Mosk,002D,(213) 633-1023,../../Courthouse/info/LA
"McCoy, LaRonda J.",Judge,Whittier ,102,(562) 968-2701,../../Courthouse/info/WHI
"McDaniel, Barbara J.",Commissioner,Inglewood,005,(310) 419-1305,../../Courthouse/info/ING
"McGonigle, Theresa R.",Judge,Metropolitan,075,(213) 745-1875,../../Courthouse/info/MET
"McKay, Patti Jo ",Judge,Stanley Mosk,070,(213) 633-1070,../../Courthouse/info/LA
"McLaughlin-Bennett, Denise ",Judge,Michael D. Antonovich Antelope Valley,A16, ,../../Courthouse/info/ATP
"McSorley, Robert A.",Commissioner,Michael D. Antonovich Antelope Valley,A03, ,../../Courthouse/info/ATP
"McTaggart, William ",Commissioner,Inglewood,008,(310) 419-1308,../../Courthouse/info/ING
"Meiers, Barbara A.",Judge,Stanley Mosk,012,(213) 633-1012,../../Courthouse/info/LA
"Merritt, Hilleri G.",Judge,San Fernando,J,(818) 256-1825,../../Courthouse/info/LAS
"Meyer, Judith Levey",Judge,Governor George Deukmejian - Long Beach,S20,(562) 256-1507,../../Courthouse/info/LB
"Meyers, Patrick T.",Judge,Norwalk,E,(562) 345-3713,../../Courthouse/info/SE
"Micon, Gary I.",Judge,Santa Clarita,002,(661) 253-5602,../../Courthouse/info/NEW
"Miguda-Armstead, Songhai D.",Judge,Clara Shortridge Foltz Criminal Justice Center,045,(213) 628-7745,../../Courthouse/info/CCB
"Miller, Michael Loren",Commissioner,Metropolitan,061,(213) 745-1861,../../Courthouse/info/MET
"Miller, Sharon Lewis",Commissioner,San Fernando,M,(818) 256-1816,../../Courthouse/info/LAS
"Miller Sloan, Robin ",Judge,Pasadena,J,(626) 396-3305,../../Courthouse/info/PAS
"Millington, Scott T.",Judge,Inglewood,O,(310) 419-1316,../../Courthouse/info/ING
"Mirich, Peter J.",Judge,Governor George Deukmejian - Long Beach,S29,(562) 256-2237,../../Courthouse/info/LB
"Mitchell, Craig J.",Judge,Clara Shortridge Foltz Criminal Justice Center,133,(213) 628-7433,../../Courthouse/info/CCB
"Mitchell, Daviann L.",Judge,Michael D. Antonovich Antelope Valley,A11, ,../../Courthouse/info/ATP
"Mohr, Anthony ",Judge,Stanley Mosk,096,(213) 633-0696,../../Courthouse/info/LA
"Moloney, Stephen M.",Judge,Stanley Mosk,041,(213) 633-0161,../../Courthouse/info/LA
"Monette, Steven Lee",Commissioner,Pasadena,N,(626) 396-3316,../../Courthouse/info/PAS
"Monguia, Enrique ",Judge,East Los Angeles,004,(323) 780-2007,../../Courthouse/info/ELA
"Mooney, Mark V.",Judge,Stanley Mosk,068,(213) 633-1068,../../Courthouse/info/LA
"Mordetzky, Marilyn M.",Commissioner,Van Nuys - East,K,(818) 901-4615,../../Courthouse/info/NW
"Moreton, Edward B.",Judge,Stanley Mosk,044,(213) 633-0354,../../Courthouse/info/LA
"Mori, Audra ",Judge,Stanley Mosk,021,(213) 633-0521,../../Courthouse/info/LA
"Moses, Jared D.",Judge,Alhambra,T,(626) 293-2108,../../Courthouse/info/ALH
"Mulcahy, Dennis E.",Commissioner,Van Nuys - West,115,(818) 989-6815,../../Courthouse/info/LAV
"Munisoglu, Elizabeth M.",Commissioner,Airport,072,(310) 725-3098,../../Courthouse/info/LAX
"Murillo, Serena R.",Judge,San Fernando,C,(818) 256-1822,../../Courthouse/info/LAS
"Murphy, Mary Ann ",Judge,Stanley Mosk,025,(213) 633-0525,../../Courthouse/info/LA
"Murphy, Daniel S.",Judge,Stanley Mosk,032,(213) 633-0152,../../Courthouse/info/LA
"Najera, Carol J.",Judge,Compton,005,(310) 761-4305,../../Courthouse/info/COM
"Naranjo, Richard E.",Judge,Michael D. Antonovich Antelope Valley,A01, ,../../Courthouse/info/ATP
"Navarro, Pete R.",Commissioner,Edmund D. Edelman Children's Court,413,(323) 307-8013,../../Courthouse/info/CCJ
"Nellon, Cherol  J.",Judge,Burbank,003,(818) 260-8403,../../Courthouse/info/BUR
"Nelson, Jean M.",Judge,Edmund D. Edelman Children's Court,402,(323) 307-8002,../../Courthouse/info/CCJ
"Nelson, Maren ",Judge,Spring Street,017,(213) 310-7017,../../Courthouse/info/SS
"Newman, Nancy L.",Judge,Inglewood Juvenile,241,(310) 412-8341,../../Courthouse/info/IGJ
"Nguyen, Kim L.",Judge,Edmund D. Edelman Children's Court,401,(323) 307-8001,../../Courthouse/info/CCJ
"Nieto, Patricia D.",Judge,Stanley Mosk,024,(213) 633-0524,../../Courthouse/info/LA
"Nishimoto, Cary ",Judge,Torrance and Annex,E,(310) 787-3713,../../Courthouse/info/SBA
"Nord, Scott J.",Commissioner,Michael D. Antonovich Antelope Valley,A12, ,../../Courthouse/info/ATP
"Nur , Rubiya ",Judge,Pomona,E,(909) 802-1113,../../Courthouse/info/EA
"O'Gara, Michael J.",Judge,San Fernando,H,(818) 256-1824,../../Courthouse/info/LAS
"Ocampo, Ricardo R.",Judge,Compton,J,(310) 761-4325,../../Courthouse/info/COM
"Ohta, Sam ",Judge,Clara Shortridge Foltz Criminal Justice Center,100,(213) 628-7400,../../Courthouse/info/CCB
"Okamoto, Vincent H.",Judge,Inglewood,004,(310) 419-1304,../../Courthouse/info/ING
"Oki, Dan Thomas",Judge,Pomona,J,(909) 802-1105,../../Courthouse/info/EA
"Oldendorf, Margaret L.",Judge,Pasadena,P,(626) 396-3307,../../Courthouse/info/PAS
"Olmedo, Charlaine F.",Judge,Clara Shortridge Foltz Criminal Justice Center,105,(213) 628-7405,../../Courthouse/info/CCB
"Olson, Lynn D.",Judge,Compton,014,(310) 761-4326,../../Courthouse/info/COM
"Ong, Tomson T.",Judge,Governor George Deukmejian - Long Beach,S01,(562) 256-1410,../../Courthouse/info/LB
"Ongkeko, Rafael A.",Judge,Stanley Mosk,073,(213) 830-0773,../../Courthouse/info/LA
"Orozco, Yolanda ",Judge,Stanley Mosk,031,(213) 633-0151,../../Courthouse/info/LA
"Otto, James D.",Judge,Governor George Deukmejian - Long Beach,S24,(562) 256-2212,../../Courthouse/info/LB
"Pacheco, Randall ",Judge,Governor George Deukmejian - Long Beach,S16,(562) 256-1485,../../Courthouse/info/LB
"Padilla, Steff ",Commissioner,Edmund D. Edelman Children's Court,421,(323) 307-8021,../../Courthouse/info/CCJ
"Palazuelos, Yvette M.",Judge,Stanley Mosk,028,(213) 633-0528,../../Courthouse/info/LA
"Palazzolo, Robert J.",Commissioner,Michael D. Antonovich Antelope Valley,A13, ,../../Courthouse/info/ATP
"Palmer, Charles F.",Judge,Stanley Mosk,033,(213) 633-0153,../../Courthouse/info/LA
"Park, Ann H.",Judge,Norwalk,A,(562) 345-3722,../../Courthouse/info/SE
"Pastor, Michael E.",Judge,Clara Shortridge Foltz Criminal Justice Center,110,(213) 628-7410,../../Courthouse/info/CCB
"Pearce, Michael J.",Commissioner,Downey,002,(562) 803-7012,../../Courthouse/info/DOW
"Pellman, Amy M.",Judge,Stanley Mosk,043,(213) 633-0353,../../Courthouse/info/LA
"Penny, Brenda J.",Judge,Stanley Mosk,004,(213) 633-0254,../../Courthouse/info/LA
"Perry, Robert ",Judge,Clara Shortridge Foltz Criminal Justice Center,104,(213) 628-7404,../../Courthouse/info/CCB
"Peters, Anthony Moreno",Commissioner,West Covina,006,(626) 430-2506,../../Courthouse/info/CIT
"Petraborg, Brian ",Commissioner,Downey,001,(562) 803-7010,../../Courthouse/info/DOW
"Pfahler, Stephen P.",Judge,Chatsworth,F49,(818) 407-2249,../../Courthouse/info/CHA
"Pogue, Nancy S.",Commissioner,Chatsworth,F41,(818) 407-2241,../../Courthouse/info/CHA
"Porras, Joseph R.",Judge,Norwalk,J,(562) 345-3715,../../Courthouse/info/SE
"Powell, Michael R.",Judge,Stanley Mosk,022,(213) 633-0622,../../Courthouse/info/LA
"Pratt, Catherine J.",Judge,Compton,260,(310) 761-4260,../../Courthouse/info/COM
"Priver, Laura F.",Judge,Clara Shortridge Foltz Criminal Justice Center,125,(213) 628-7425,../../Courthouse/info/CCB
"Puente-Porras, Maria ",Judge,Governor George Deukmejian - Long Beach,S15,(562) 256-1480,../../Courthouse/info/LB
"Quinones, Connie R.",Judge,Compton,L,(310) 761-4335,../../Courthouse/info/COM
"Ramirez, Daniel P.",Judge,Whittier ,201,(562) 968-2704,../../Courthouse/info/WHI
"Ramirez, Nancy A",Judge,Alfred J. McCourtney Juvenile Justice Center,428,(661) 483-5986,../../Courthouse/info/LAN
"Rappe, Curtis B.",Judge,Clara Shortridge Foltz Criminal Justice Center,103,(213) 628-7403,../../Courthouse/info/CCB
"Recana, Julian C.",Judge,Compton,008,(310) 761-4308,../../Courthouse/info/COM
"Recana, Mel Red ",Judge,Stanley Mosk,045,(213) 633-0645,../../Courthouse/info/LA
"Reinert, David K.",Judge,Torrance and Annex,003,(310) 787-3703,../../Courthouse/info/SBA
"Revel, Marsha N.",Judge,Beverly Hills,001,(310) 281-2408,../../Courthouse/info/BH
"Reyes, Dorothy B.",Judge,Clara Shortridge Foltz Criminal Justice Center,035,(213) 628-7735,../../Courthouse/info/CCB
"Rhodes, Randy ",Judge,Chatsworth,F51,(818) 407-2251,../../Courthouse/info/CHA
"Ricciardulli, Alex ",Judge,Stanley Mosk,070,(213) 633-1070,../../Courthouse/info/LA
"Rice, Stuart M.",Judge,Stanley Mosk,049,(213) 633-0649,../../Courthouse/info/LA
"Richardson, Tony L.",Judge,Stanley Mosk,070,(213) 633-1070,../../Courthouse/info/LA
"Richardson, Anne K.",Judge,Stanley Mosk,043,(213) 633-0353,../../Courthouse/info/LA
"Richman, Craig ",Judge,Clara Shortridge Foltz Criminal Justice Center,120,(213) 628-7420,../../Courthouse/info/CCB
"Rico, Richard E.",Judge,Stanley Mosk,017,(213) 633-0517,../../Courthouse/info/LA
"Riff, Lawrence P.",Judge,Stanley Mosk,077,(213) 830-0777,../../Courthouse/info/LA
"Rizk, Georgina Torres ",Judge,Spring Street,002,(213) 310-7002,../../Courthouse/info/SS
"Roberts, Gary D.",Judge,Stanley Mosk,087,(213) 830-0787,../../Courthouse/info/LA
"Rochman, Morton ",Judge,Sylmar Juvenile,279,(818) 256-1079,../../Courthouse/info/SLJ
"Rodriguez, Jesse ",Judge,Governor George Deukmejian - Long Beach,S22,(562) 256-2202,../../Courthouse/info/LB
"Rodriguez, Jose A.",Commissioner,El Monte,002,(626) 401-2202,../../Courthouse/info/ELM
"Rogers, Randolph A.",Judge,Michael D. Antonovich Antelope Valley,A15,(661) 483-5715,../../Courthouse/info/ATP
"Roman, Gregorio ",Judge,Downey,005,(562) 803-7021,../../Courthouse/info/DOW
"Romero, Richard R.",Judge,Governor George Deukmejian - Long Beach,S21,(562) 256-1512,../../Courthouse/info/LB
"Rosales, Olivia ",Judge,Norwalk,K,(562) 345-3725,../../Courthouse/info/SE
"Rose, Carol ",Judge,Bellflower,001,(562) 345-3301,../../Courthouse/info/LC
"Rosen, David A.",Judge,Chatsworth,F50,(818) 407-2250,../../Courthouse/info/CHA
"Rosenberg, Kevin S.",Judge,Clara Shortridge Foltz Criminal Justice Center,040,(213) 628-7740,../../Courthouse/info/CCB
"Rosenbloom, Jonathan L.",Judge,Chatsworth,F46,(818) 407-2246,../../Courthouse/info/CHA
"Rotenberg, Frederick ",Judge,Burbank,002,(818) 260-8402,../../Courthouse/info/BUR
"Rubin, Alan I.",Commissioner,Van Nuys - West,103,(818) 989-6803,../../Courthouse/info/LAV
"Rubinson, Thomas ",Judge,Van Nuys - West,N,(818) 989-6806,../../Courthouse/info/LAV
"Ryan, William C.",Judge,Clara Shortridge Foltz Criminal Justice Center,WRITS CENTER 1,(213) 628-7755,../../Courthouse/info/CCB
"Ryu, Tammy Chung",Judge,Compton,Q,(310) 761-4307,../../Courthouse/info/COM
"Sadler, William L.",Judge,Airport,070,(310) 725-3096,../../Courthouse/info/LAX
"Sahagun, Raul A.",Judge,Norwalk,D,(562) 345-3723,../../Courthouse/info/SE
"Saito, Tim R.",Judge,Glendale,003,(818) 265-6403,../../Courthouse/info/GLN
"Salkin, Valerie ",Judge,Van Nuys - East,C,(818) 901-4682,../../Courthouse/info/NW
"Samuels, Shellie ",Judge,Van Nuys - West,112,(818) 989-6812,../../Courthouse/info/LAV
"Sanchez, Yvonne T.",Judge,Norwalk,S,(562) 345-3707,../../Courthouse/info/SE
"Sanchez, Deborah L.",Judge,Bellflower,006,(562) 345-3306,../../Courthouse/info/LC
"Sandoval, Jose I.",Judge,Clara Shortridge Foltz Criminal Justice Center,050,(213) 628-7750,../../Courthouse/info/CCB
"Sandvig, Melvin D.",Judge,Chatsworth,F47,(818) 407-2247,../../Courthouse/info/CHA
"Sanora, Steven P.",Judge,Alhambra,002,(626) 293-2102,../../Courthouse/info/ALH
"Santana, Ray A.",Judge,Stanley Mosk,090,(213) 633-0690,../../Courthouse/info/LA
"Santos, Maria May J.",Commissioner,Whittier ,123,(562) 968-2702,../../Courthouse/info/WHI
"Sauceda, A. Ver¿nica",Commissioner,Compton,N,(310) 761-4316,../../Courthouse/info/COM
"Scaduto, Lynn H.",Judge,Stanley Mosk,013,(213) 633-0513,../../Courthouse/info/LA
"Scheper, Barbara M.",Judge,Stanley Mosk,030,(213) 633-0150,../../Courthouse/info/LA
"Schneider, Alan ",Judge,Van Nuys - West,120,(818) 989-6820,../../Courthouse/info/LAV
"Schuit, Robert J.",Judge,Santa Clarita,003,(661) 253-5603,../../Courthouse/info/NEW
"Schwartz, Keith L.",Judge,Airport,030,(310) 725-3040,../../Courthouse/info/LAX
"Schwartz, Teri ",Judge,Pasadena,E,(626) 396-3313,../../Courthouse/info/PAS
"See, Ramona G.",Judge,Torrance and Annex,G,(310) 787-3714,../../Courthouse/info/SBA
"Segall, Wendy ",Judge,Metropolitan,064,(213) 745-1864,../../Courthouse/info/MET
"Seigle, Laura A.",Judge,Spring Street,007,(213) 310-7007,../../Courthouse/info/SS
"Seng, Jana M.",Judge,Edmund D. Edelman Children's Court,420,(323) 307-8020,../../Courthouse/info/CCJ
"Sepe-Wiesenfeld, Lisa K.",Judge,Santa Monica,S,(310) 255-1847,../../Courthouse/info/SM
"Serio, Collette ",Commissioner,Pasadena,O,(626) 396-3326,../../Courthouse/info/PAS
"Serna, Robert ",Judge,West Covina,010,(626) 430-2510,../../Courthouse/info/CIT
"Shaller, Frederick C.",Judge,Stanley Mosk,046,(213) 633-0646,../../Courthouse/info/LA
"Shapiro, Norm ",Judge,Clara Shortridge Foltz Criminal Justice Center,116,(213) 628-7416,../../Courthouse/info/CCB
"Shibata, Phyllis ",Commissioner,Pomona,282,(909) 802-1182,../../Courthouse/info/EA
"Short, Michelle S.",Judge,Chatsworth,F48,(818) 407-2248,../../Courthouse/info/CHA
"Shubin, Dorothy L.",Judge,Pasadena,B,(626) 396-3312,../../Courthouse/info/PAS
"Shultz, Michael ",Judge,Compton,D,(310) 761-4323,../../Courthouse/info/COM
"Silberman, Harvey A.",Judge,Pasadena,L,(626) 396-3315,../../Courthouse/info/PAS
"Silverman, B. Scott ",Judge,Stanley Mosk,018,(213) 633-0518,../../Courthouse/info/LA
"Sinanian, Zaven V.",Judge,Spring Street,STL,(213) 310-7092,../../Courthouse/info/SS
"Sirna, Salvatore ",Judge,Pomona,A,(909) 802-1102,../../Courthouse/info/EA
"Skeba, Valerie L.",Commissioner,Michael D. Antonovich Antelope Valley,A10, ,../../Courthouse/info/ATP
"Slawson, John A.",Judge,Pomona,K,(909) 802-1125,../../Courthouse/info/EA
"Small, Michael C.",Judge,Stanley Mosk,005,(213) 633-0245,../../Courthouse/info/LA
"Smerling, Terry ",Judge,Pasadena,D,(626) 396-3303,../../Courthouse/info/PAS
"Smith, Spurgeon E.",Judge,East Los Angeles,007,(323) 780-2015,../../Courthouse/info/ELA
"Smith, J. Christopher ",Judge,Inglewood Juvenile,242,(310) 412-8342,../../Courthouse/info/IGJ
"Sokolov, Thomas R.",Judge,Torrance and Annex,004,(310) 787-3704,../../Courthouse/info/SBA
"Solorzano, Kathryn A.",Judge,Airport,083,(310) 725-3091,../../Courthouse/info/LAX
"Sortino, Douglas ",Judge,Clara Shortridge Foltz Criminal Justice Center,124,(213) 628-7424,../../Courthouse/info/CCB
"Sotelo, David ",Judge,Stanley Mosk,040,(213) 633-0160,../../Courthouse/info/LA
"Soto, Philip L.",Judge,Edmund D. Edelman Children's Court,408,(323) 307-8008,../../Courthouse/info/CCJ
"Speer, Susan M.",Judge,Van Nuys - West,V,(818) 989-6818,../../Courthouse/info/LAV
"St. George, Matthew ",Commissioner,Santa Monica,E,(310) 255-1853,../../Courthouse/info/SM
"Stennis, Kevin ",Judge,Clara Shortridge Foltz Criminal Justice Center,043,(213) 628-7743,../../Courthouse/info/CCB
"Sterling, William N.",Judge,Clara Shortridge Foltz Criminal Justice Center,119,(213) 628-7249,../../Courthouse/info/CCB
"Stern, Michael L.",Judge,Stanley Mosk,062,(213) 633-1062,../../Courthouse/info/LA
"Stern, Douglas W.",Judge,Governor George Deukmejian - Long Beach,S13,(562) 256-1465,../../Courthouse/info/LB
"Stewart, William D.",Judge,Burbank,A,(818) 260-8412,../../Courthouse/info/BUR
"Stone, Natalie P.",Judge,Edmund D. Edelman Children's Court,409,(323) 307-8009,../../Courthouse/info/CCJ
"Strassner, Lisa M.",Commissioner,Michael D. Antonovich Antelope Valley,A08, ,../../Courthouse/info/ATP
"Streimer, Laura ",Commissioner,Central Civil West,002H,(213) 351-7534,../../Courthouse/info/CCW
"Strobel, Mary H.",Judge,Stanley Mosk,082,(213) 830-0782,../../Courthouse/info/LA
"Stuart, David W.",Judge,San Fernando,I,(818) 256-1804,../../Courthouse/info/LAS
"Sullivan, Teresa ",Judge,Clara Shortridge Foltz Criminal Justice Center,030,(213) 628-7730,../../Courthouse/info/CCB
"Suzuki, Paul T.",Judge,Stanley Mosk,079,(213) 633-1079,../../Courthouse/info/LA
"Swain, Leslie A.",Judge,Clara Shortridge Foltz Criminal Justice Center,131,(213) 628-7431,../../Courthouse/info/CCB
"Sztraicher, Gustavo N.",Judge,Clara Shortridge Foltz Criminal Justice Center,037,(213) 628-7737,../../Courthouse/info/CCB
"Takasugi, Jon R.",Judge,Stanley Mosk,094,(213) 830-0794,../../Courthouse/info/LA
"Tamzarian, Armen ",Judge,Alhambra,003,(626) 293-2103,../../Courthouse/info/ALH
"Tanaka, Gary Y.",Judge,Torrance and Annex,A,(310) 787-3712,../../Courthouse/info/SBA
"Tapia, Sergio C.",Judge,Clara Shortridge Foltz Criminal Justice Center,123,(213) 628-7423,../../Courthouse/info/CCB
"Tarle, Norman P.",Judge,Santa Monica,J,(310) 255-1855,../../Courthouse/info/SM
"Tavelman, Frank M.",Judge,Van Nuys - West,100,(818) 989-6800,../../Courthouse/info/LAV
"Taylor, Eric C.",Judge,Stanley Mosk,APJ,(213) 633-0300,../../Courthouse/info/LA
"Taylor, Chet L.",Judge,Governor George Deukmejian - Long Beach,S11,(562) 256-1470,../../Courthouse/info/LB
"Taylor, Kenneth H.",Commissioner,Metropolitan,060,(213) 745-1860,../../Courthouse/info/MET
"Terrell, Michael ",Judge,San Fernando,D,(818) 256-1803,../../Courthouse/info/LAS
"Thomas, Holly A.",Judge,Stanley Mosk,002B,(213) 633-0632,../../Courthouse/info/LA
"Thompson, Andrea C.",Judge,Van Nuys - West,105,(818) 989-6805,../../Courthouse/info/LAV
"Tillmon, Bobbi ",Judge,Santa Monica,G,(310) 255-1844,../../Courthouse/info/SM
"Titus, Patricia J.",Judge,Inglewood,006,(310) 419-1306,../../Courthouse/info/ING
"Torrealba, Shelly ",Judge,East Los Angeles,001,(323) 780-2001,../../Courthouse/info/ELA
"Torribio, John A.",Judge,Norwalk,G,(562) 345-3704,../../Courthouse/info/SE
"Totten, Robert ",Commissioner,Eastlake Juvenile,201,(323) 227-4301,../../Courthouse/info/ELJ
"Townsend, Susan J.",Judge,West Covina,011,(626) 430-2511,../../Courthouse/info/CIT
"Traber, Theresa M.",Judge,Pasadena,K,(626) 396-3355,../../Courthouse/info/PAS
"Trendacosta, Anthony A.",Judge,Edmund D. Edelman Children's Court,400,(323) 307-8030,../../Courthouse/info/CCJ
"Treu, Rolf M.",Judge,Whittier ,302,(562) 968-2707,../../Courthouse/info/WHI
"Truong, Terry T.",Commissioner,Bellflower,003,(562) 345-3303,../../Courthouse/info/LC
"Tsao, Lee W.",Judge,Norwalk,M,(562) 345-3706,../../Courthouse/info/SE
"Tynan, Michael A.",Judge,Clara Shortridge Foltz Criminal Justice Center,042,(213) 628-7742,../../Courthouse/info/CCB
"Ulfig, Cynthia L.",Judge,San Fernando,F,(818) 256-1813,../../Courthouse/info/LAS
"Usher, Pamela Tamu",Judge,San Fernando,B,(818) 256-1812,../../Courthouse/info/LAS
"Uzcategui, Jessica A.",Judge,Alfred J. McCourtney Juvenile Justice Center,427,(661) 483-5927,../../Courthouse/info/LAN
"Vanderet, Robert C.",Judge,Clara Shortridge Foltz Criminal Justice Center,031,(213) 628-7731,../../Courthouse/info/CCB
"Vazquez, Carlos E.",Judge,Glendale,001,(818) 265-6401,../../Courthouse/info/GLN
"Veals, Craig E.",Judge,Clara Shortridge Foltz Criminal Justice Center,122,(213) 628-7422,../../Courthouse/info/CCB
"Veasey, Glenda ",Commissioner,Torrance and Annex,J,(310) 787-3715,../../Courthouse/info/SBA
"Vega Jacobs, Lillian ",Judge,Bellflower,004,(562) 345-3304,../../Courthouse/info/LC
"Verastegui, Yvette ",Judge,Airport,031,(310) 725-3041,../../Courthouse/info/LAX
"Vicencia, Michael P.",Judge,Governor George Deukmejian - Long Beach,S26,(562) 256-2222,../../Courthouse/info/LB
"Villalobos, Michael ",Judge,Alhambra,001,(626) 293-2101,../../Courthouse/info/ALH
"Villar, Mary Lou ",Judge,Clara Shortridge Foltz Criminal Justice Center,041,(213) 628-7741,../../Courthouse/info/CCB
"Villegas, Angela  ",Commissioner,Central Civil West,002E,(213) 351-7533,../../Courthouse/info/CCW
"Villeza, Rob B.",Judge,El Monte,001,(626) 401-2201,../../Courthouse/info/ELM
"Viramontes, Victor G.",Judge,Edmund D. Edelman Children's Court,425,(323) 307-8083,../../Courthouse/info/CCJ
"Wada, Robert S.",Judge,Stanley Mosk,099,(213) 830-0829,../../Courthouse/info/LA
"Walgren, David ",Judge,San Fernando,G,(818) 256-1814,../../Courthouse/info/LAS
"Wallenstein, Joel M.",Judge,Compton,010,(310) 761-4310,../../Courthouse/info/COM
"Walmark, Richard F.",Judge,Van Nuys - East,P,(818) 901-4607,../../Courthouse/info/NW
"Walton, Laura ",Judge,Compton,G,(310) 761-4314,../../Courthouse/info/COM
"Wapner, Frederick N.",Judge,Clara Shortridge Foltz Criminal Justice Center,114,(213) 628-7414,../../Courthouse/info/CCB
"Wasserman, Fumiko ",Judge,Los Padrinos Juvenile,251,(562) 658-0751,../../Courthouse/info/LPJ
"Watkins, Shirley K.",Judge,Van Nuys - East,T,(818) 901-4612,../../Courthouse/info/NW
"Wayser, Joshua D.",Judge,Stanley Mosk,027,(213) 633-1027,../../Courthouse/info/LA
"Webster, Allen J.",Judge,Compton,E,(310) 761-4333,../../Courthouse/info/COM
"Weiner, Timothy M.",Judge,Clara Shortridge Foltz Criminal Justice Center,048,(213) 628-7748,../../Courthouse/info/CCB
"Weingart , Gregory  J. ",Judge,Stanley Mosk,065,(213) 633-1065,../../Courthouse/info/LA
"Weintraub, Debre Katz",Judge,Stanley Mosk,076,(213) 830-0776,../../Courthouse/info/LA
"Weis Birnstein, Lauren ",Judge,Airport,082,(310) 725-3042,../../Courthouse/info/LAX
"Weiss, Susan K.",Commissioner,Chatsworth,F40,(818) 407-2240,../../Courthouse/info/CHA
"Whitaker, Michael E.",Judge,Edmund D. Edelman Children's Court,417,(323) 307-8017,../../Courthouse/info/CCJ
"White, Kerry L.",Judge,East Los Angeles,005,(323) 780-2009,../../Courthouse/info/ELA
"White, Elizabeth Allen ",Judge,Stanley Mosk,048,(213) 633-0648,../../Courthouse/info/LA
"White-Brown, Gloria ",Judge,West Covina,002,(626) 430-2582,../../Courthouse/info/CIT
"Widdifield, Melissa N.",Judge,Compton,261,(310) 761-4261,../../Courthouse/info/COM
"Wiese, Stacy ",Judge,West Covina,004,(626) 430-2504,../../Courthouse/info/CIT
"Willett, William G.",Judge,Torrance and Annex,011,(310) 787-3711,../../Courthouse/info/SBA
"Wilson , Victoria  B.",Judge,Clara Shortridge Foltz Criminal Justice Center,051,(213) 628-7751,../../Courthouse/info/CCB
"Windham, Mark E.",Judge,Airport,081,(310) 725-3090,../../Courthouse/info/LAX
"Wright, Victor L.",Judge,Inglewood,002,(310) 419-1302,../../Courthouse/info/ING
"Yaroslavsky, David ",Judge,Van Nuys - West,102,(818) 989-6802,../../Courthouse/info/LAV
"Yep, Brian C.",Judge,Michael D. Antonovich Antelope Valley,A14,(661) 483-5774,../../Courthouse/info/ATP
"Yerkey, Amy ",Judge,Governor George Deukmejian - Long Beach,S02,(562) 256-1415,../../Courthouse/info/LB
"Young, Mark A.",Judge,Santa Monica,M,(310) 255-1846,../../Courthouse/info/SM
"Yriarte, Geanene M.",Judge,Pomona,281, ,../../Courthouse/info/EA
"Zacky, Hayden ",Judge,San Fernando,N,(818) 256-1806,../../Courthouse/info/LAS
"Zeidler, Daniel Zeke",Judge,Edmund D. Edelman Children's Court,404,(323) 307-8004,../../Courthouse/info/CCJ
"Zuckman, Mark T.",Commissioner,Airport,092,(310) 725-3046,../../Courthouse/info/LAX
"Zukin, Helen ",Judge,Stanley Mosk,084,(213) 830-0784,../../Courthouse/info/LA
"Zuzga, Cynthia A.",Commissioner,East Los Angeles,003,(323) 780-2005,../../Courthouse/info/ELA
